121,John william,M,2,Director,1698743,1
122,Ali Ahmad,M,3,Deputy Director,1587942,2
123,Asfand Shakeel,M,5,Director,1598763,3
124,Ramis Mustafa,M,4,Deputy Director,1036871,3
125,Ahmad Bilal,M,8,Assosiate,1148953,4
126,Umer Farooq,M,7,Assosiate,1168952,5
127,Ahmad Umer,M,9,Assosiate,1168931,6
128,Usama Mughal,M,1,Assosiate,1226986,6
129,Alex Williams,M,2,Assosiate,1996378,6
130,Steve haggins,M,3,Assosiate,1554788,7
131,steve Williams,M,2,Assosiate,1446678,7
132,Bruce Wayne,M,1,Assosiate,1669863,8
133,Oliver Queen,M,3,Director,1632569,8
134,Thea Queen,F,1,Assosiate,1225899,9
135,Andrea O'conner,F,6,Director,5963546,9
